{"episode_length": 1000, "episode_return": 84.40654754638672, "steps_per_second": 411.5311016568077, "env_reset_duration_sec": 0.0004703998565673828, "select_action_duration_sec": 0.001597712755203247, "env_step_duration_sec": 0.0007561485767364502, "evaluator_episodes": 429, "evaluator_steps": 429000, "episode_duration": 2.4301161766052246, "_timestamp": 1716901654.800835, "_runtime": 3396.5250198841095, "_step": 429, "actor_episodes": 2100, "actor_steps": 2100000, "learner_steps": 16400}