{"global_step": 499900, "_timestamp": 1716417235.654875, "_runtime": 385.18562602996826, "_step": 9319, "charts/episodic_return": 500.0, "charts/episodic_length": 500.0, "losses/loss": 8.64514586282894e-05, "losses/q_values": 99.99978637695312, "charts/SPS": 1317.0, "_wandb": {"runtime": 384}}