{"episode_length": 1000, "episode_return": -15.533616065979004, "steps_per_second": 415.9112088970386, "env_reset_duration_sec": 0.0003921985626220703, "select_action_duration_sec": 0.0016757373809814452, "env_step_duration_sec": 0.0006526119709014893, "evaluator_episodes": 1000, "evaluator_steps": 1000000, "episode_duration": 2.404522180557251, "_timestamp": 1717360175.2499635, "_runtime": 7178.237540483475, "_step": 1000, "actor_episodes": 4950, "actor_steps": 4950000, "learner_steps": 38656, "_wandb": {"runtime": 7254}}