{"episode_length": 1000, "episode_return": -22.209537506103516, "steps_per_second": 392.21778123315033, "env_reset_duration_sec": 0.0004944801330566406, "select_action_duration_sec": 0.0017219769954681396, "env_step_duration_sec": 0.0007469120025634765, "evaluator_episodes": 1000, "evaluator_steps": 1000000, "episode_duration": 2.549769878387451, "_timestamp": 1717343392.4895768, "_runtime": 7269.371561765671, "_step": 1000, "actor_episodes": 4950, "actor_steps": 4950000, "learner_steps": 38656, "_wandb": {"runtime": 7348}}