{"episode_length": 1000, "episode_return": -30.82402801513672, "steps_per_second": 420.21001564202066, "env_reset_duration_sec": 0.0004086494445800781, "select_action_duration_sec": 0.001660698890686035, "env_step_duration_sec": 0.0006436364650726318, "evaluator_episodes": 1000, "evaluator_steps": 1000000, "episode_duration": 2.379955530166626, "_timestamp": 1717386861.2982168, "_runtime": 7257.638240814209, "_step": 1000, "actor_episodes": 4950, "actor_steps": 4950000, "learner_steps": 38656, "_wandb": {"runtime": 7330}}