{"episode_length": 1000, "episode_return": 3487.080078125, "steps_per_second": 381.61234907775054, "env_reset_duration_sec": 0.0004801750183105469, "select_action_duration_sec": 0.001715965747833252, "env_step_duration_sec": 0.0008253955841064453, "evaluator_episodes": 1000, "evaluator_steps": 1000000, "episode_duration": 2.620617151260376, "_timestamp": 1717187760.270777, "_runtime": 8462.515311002731, "_step": 1000, "actor_episodes": 4950, "actor_steps": 4950000, "learner_steps": 38656, "_wandb": {"runtime": 8551}}