{"global_step": 499934, "_timestamp": 1716414485.1398492, "_runtime": 386.7131311893463, "_step": 9367, "charts/episodic_return": 500.0, "charts/episodic_length": 500.0, "losses/loss": 0.0037821708247065544, "losses/q_values": 99.9991226196289, "charts/SPS": 1312.0, "_wandb": {"runtime": 385}}