{"global_step": 499900, "_timestamp": 1716414090.8869278, "_runtime": 388.48332691192627, "_step": 9222, "charts/episodic_return": 500.0, "charts/episodic_length": 500.0, "losses/loss": 0.0024072241503745317, "losses/q_values": 99.99945068359375, "charts/SPS": 1312.0, "_wandb": {"runtime": 388}}