{"global_step": 499900, "_timestamp": 1716416843.0539372, "_runtime": 385.57835817337036, "_step": 9513, "charts/episodic_return": 500.0, "charts/episodic_length": 500.0, "losses/loss": 0.011276916600763798, "losses/q_values": 99.9969253540039, "charts/SPS": 1316.0, "_wandb": {"runtime": 384}}