{"episode_length": 1000, "episode_return": 1584.3909200032551, "steps_per_second": 385.34264299250435, "env_reset_duration_sec": 0.0004553794860839844, "select_action_duration_sec": 0.00173870587348938, "env_step_duration_sec": 0.0007778353691101074, "evaluator_episodes": 419, "evaluator_steps": 419000, "episode_duration": 2.5952587127685547, "_timestamp": 1716884470.1069453, "_runtime": 3546.0008611679077, "_step": 419, "actor_episodes": 2050, "actor_steps": 2050000, "learner_steps": 16000}