{"global_step": 499900, "_timestamp": 1716368884.4749043, "_runtime": 285.5985383987427, "_step": 8886, "charts/episodic_return": 500.0, "charts/episodic_length": 500.0, "losses/td_loss": 0.010243503376841545, "losses/q_values": 104.94304656982422, "charts/SPS": 1811.0, "_wandb": {"runtime": 285}}