{"episode_length": 1000, "episode_return": 1000.0, "steps_per_second": 431.2865536162206, "env_reset_duration_sec": 0.00037670135498046875, "select_action_duration_sec": 0.0016137375831604005, "env_step_duration_sec": 0.0006319022178649902, "evaluator_episodes": 1000, "evaluator_steps": 772876, "episode_duration": 2.3187906742095947, "_timestamp": 1717401071.6349273, "_runtime": 6449.478964328766, "_step": 1000, "actor_episodes": 61654, "actor_steps": 4964501, "learner_steps": 40304, "_wandb": {"runtime": 6504}}