{"episode_length": 1000, "episode_return": 7285.98046875, "steps_per_second": 394.2199920842152, "env_reset_duration_sec": 0.0005769729614257812, "select_action_duration_sec": 0.0016738715171813964, "env_step_duration_sec": 0.0007866086959838867, "evaluator_episodes": 1000, "evaluator_steps": 738612, "episode_duration": 2.5368285179138184, "_timestamp": 1716931310.2535985, "_runtime": 7498.673812389374, "_step": 1000, "actor_episodes": 11954, "actor_steps": 4985992, "learner_steps": 39184, "_wandb": {"runtime": 7538}}