{"episode_length": 11, "episode_return": 11.594418737623426, "steps_per_second": 591.6105967737799, "env_reset_duration_sec": 0.0004265308380126953, "select_action_duration_sec": 0.0009808540344238281, "env_step_duration_sec": 0.0005951144478537819, "evaluator_episodes": 9, "evaluator_steps": 263, "episode_duration": 0.018636465072631836, "_timestamp": 1716616114.5728192, "_runtime": 30.087202310562134, "_step": 9}