{"global_step": 499926, "_timestamp": 1716414881.442087, "_runtime": 388.86129784584045, "_step": 10272, "charts/episodic_return": 500.0, "charts/episodic_length": 500.0, "losses/loss": 0.0005413374165073037, "losses/q_values": 99.99989318847656, "charts/SPS": 1305.0, "_wandb": {"runtime": 387}}