{"episode_length": 117276, "episode_return": 655272.75, "steps_per_second": 378.9494474345915, "env_reset_duration_sec": 0.0005016326904296875, "select_action_duration_sec": 0.001733686624402267, "env_step_duration_sec": 0.0008259691846147477, "evaluator_episodes": 438, "evaluator_steps": 1487484, "episode_duration": 309.484849691391, "_timestamp": 1716563784.1048524, "_runtime": 6615.126218318939, "_step": 438, "actor_episodes": 7447, "actor_steps": 2192006, "learner_steps": 17328}