{"episode_length": 68, "episode_return": 78.685546875, "steps_per_second": 331.36560480249653, "env_reset_duration_sec": 0.000820159912109375, "select_action_duration_sec": 0.0018866553026087144, "env_step_duration_sec": 0.0010187485638786765, "evaluator_episodes": 14, "evaluator_steps": 565, "episode_duration": 0.20527863502502441, "_timestamp": 1716565124.712708, "_runtime": 331.5743761062622, "_step": 14, "actor_episodes": 1236, "actor_steps": 50014, "learner_steps": 416}