{"episode_length": 1000, "episode_return": -169.61863708496094, "steps_per_second": 313.737129781115, "env_reset_duration_sec": 0.0004990100860595703, "select_action_duration_sec": 0.0020055344104766845, "env_step_duration_sec": 0.0010887959003448486, "evaluator_episodes": 1000, "evaluator_steps": 1000000, "episode_duration": 3.1876842975616455, "_timestamp": 1717437095.195089, "_runtime": 9128.125311136246, "_step": 1000, "actor_episodes": 4950, "actor_steps": 4950000, "learner_steps": 38656, "_wandb": {"runtime": 9224}}