{"episode_length": 1000, "episode_return": 1056.8033447265625, "steps_per_second": 392.3330911595727, "env_reset_duration_sec": 0.0004405975341796875, "select_action_duration_sec": 0.0016957573890686035, "env_step_duration_sec": 0.0007741751670837403, "evaluator_episodes": 1000, "evaluator_steps": 1000000, "episode_duration": 2.5490384101867676, "_timestamp": 1717170993.3692837, "_runtime": 8372.301701784134, "_step": 1000, "actor_episodes": 4950, "actor_steps": 4950000, "learner_steps": 38656, "_wandb": {"runtime": 8460}}