{"global_step": 499900, "_timestamp": 1716370863.1330664, "_runtime": 275.27860736846924, "_step": 8855, "charts/episodic_return": 500.0, "charts/episodic_length": 500.0, "losses/td_loss": 0.005381522700190544, "losses/q_values": 101.65716552734375, "charts/SPS": 1854.0, "_wandb": {"runtime": 274}}