{"episode_length": 1000, "episode_return": 4336.45556640625, "steps_per_second": 382.0120520894062, "env_reset_duration_sec": 0.0005609989166259766, "select_action_duration_sec": 0.0017143125534057617, "env_step_duration_sec": 0.0008240289688110352, "evaluator_episodes": 1000, "evaluator_steps": 1000000, "episode_duration": 2.6178910732269287, "_timestamp": 1717197369.259378, "_runtime": 8368.040777921677, "_step": 1000, "actor_episodes": 4950, "actor_steps": 4950000, "learner_steps": 38656, "_wandb": {"runtime": 8451}}