{"episode_length": 1000, "episode_return": 5303.618075900607, "steps_per_second": 369.09496360929353, "env_reset_duration_sec": 0.0005218982696533203, "select_action_duration_sec": 0.0017572667598724366, "env_step_duration_sec": 0.0008715424537658692, "evaluator_episodes": 699, "evaluator_steps": 491702, "episode_duration": 2.709500551223755, "_timestamp": 1716960931.0849733, "_runtime": 5416.460702419281, "_step": 699, "actor_episodes": 10289, "actor_steps": 3472078, "learner_steps": 27344}