{"global_step": 499900, "_timestamp": 1716417629.2473323, "_runtime": 386.15624141693115, "_step": 9366, "charts/episodic_return": 500.0, "charts/episodic_length": 500.0, "losses/loss": 0.0003372431092429906, "losses/q_values": 99.99899291992188, "charts/SPS": 1314.0, "_wandb": {"runtime": 385}}