{"global_step": 999900, "_timestamp": 1716409329.560078, "_runtime": 2181.176512002945, "_step": 13423, "charts/episodic_return": 3291.17529296875, "charts/episodic_length": 1000.0, "losses/qf1_loss": 3.7034101486206055, "losses/qf2_loss": 3.71768856048584, "losses/qf1_values": 269.38494873046875, "losses/qf2_values": 269.69610595703125, "losses/actor_loss": -270.23291015625, "charts/SPS": 459.0, "_wandb": {"runtime": 2180}}