{"episode_length": 197, "episode_return": 1285.2147117614745, "steps_per_second": 319.6117551266703, "env_reset_duration_sec": 0.0007071495056152344, "select_action_duration_sec": 0.0019865314367458905, "env_step_duration_sec": 0.0010361489910764743, "evaluator_episodes": 200, "evaluator_steps": 128824, "episode_duration": 0.616490364074707, "_timestamp": 1716567668.8625562, "_runtime": 1571.4814472198486, "_step": 200, "actor_episodes": 5374, "actor_steps": 961384, "learner_steps": 7648, "_wandb": {"runtime": 1638}}