{"global_step": 999900, "_timestamp": 1716396237.3661397, "_runtime": 2149.666654586792, "_step": 12949, "charts/episodic_return": 3369.76806640625, "charts/episodic_length": 1000.0, "losses/qf1_loss": 2.3333334922790527, "losses/qf2_loss": 2.3399477005004883, "losses/qf1_values": 286.4918518066406, "losses/qf2_values": 286.6801452636719, "losses/actor_loss": -287.53167724609375, "charts/SPS": 466.0, "_wandb": {"runtime": 2148}}