{"episode_length": 1000, "episode_return": 5995.013671875, "steps_per_second": 360.24159001208534, "env_reset_duration_sec": 0.0004277229309082031, "select_action_duration_sec": 0.001698632001876831, "env_step_duration_sec": 0.0009985959529876709, "evaluator_episodes": 1000, "evaluator_steps": 365232, "episode_duration": 2.776085138320923, "_timestamp": 1717274352.2337718, "_runtime": 8152.013338804245, "_step": 1000, "actor_episodes": 25486, "actor_steps": 4971784, "learner_steps": 39504, "_wandb": {"runtime": 8194}}