{"episode_length": 11, "episode_return": 6.176026821136475, "steps_per_second": 381.8557902403496, "env_reset_duration_sec": 0.0005891323089599609, "select_action_duration_sec": 0.001709006049416282, "env_step_duration_sec": 0.0007461634549227628, "evaluator_episodes": 9, "evaluator_steps": 263, "episode_duration": 0.028856277465820312, "_timestamp": 1716535362.9258292, "_runtime": 49.673423290252686, "_step": 9}