{"global_step": 499926, "_timestamp": 1716371428.5983665, "_runtime": 275.781049489975, "_step": 9023, "charts/episodic_return": 500.0, "charts/episodic_length": 500.0, "losses/td_loss": 0.009363154880702496, "losses/q_values": 101.76319885253906, "charts/SPS": 1851.0, "_wandb": {"runtime": 274}}