{"episode_length": 72, "episode_return": 3723.8382263183594, "steps_per_second": 699.6434201198238, "env_reset_duration_sec": 0.00035262107849121094, "select_action_duration_sec": 0.0007469554742177328, "env_step_duration_sec": 0.0006237626075744629, "evaluator_episodes": 200, "evaluator_steps": 303935, "episode_duration": 0.10295462608337402, "_timestamp": 1716698272.6458967, "_runtime": 1314.2617757320404, "_step": 200, "actor_episodes": 5668, "actor_steps": 956325, "learner_steps": 7616, "_wandb": {"runtime": 1389}}