{"episode_length": 111, "episode_return": 282.75539245605466, "steps_per_second": 373.7599630067604, "env_reset_duration_sec": 0.000453948974609375, "select_action_duration_sec": 0.0017980992257058083, "env_step_duration_sec": 0.0007877543165877059, "evaluator_episodes": 200, "evaluator_steps": 17184, "episode_duration": 0.2970390319824219, "_timestamp": 1716706170.0127313, "_runtime": 1174.344093322754, "_step": 200, "actor_episodes": 11721, "actor_steps": 951028, "learner_steps": 7728, "_wandb": {"runtime": 1228}}