{"episode_length": 1000, "episode_return": 9338.4169921875, "steps_per_second": 407.9429707105727, "env_reset_duration_sec": 0.0004315376281738281, "select_action_duration_sec": 0.0016827309131622315, "env_step_duration_sec": 0.0006913278102874756, "evaluator_episodes": 1000, "evaluator_steps": 934009, "episode_duration": 2.4514758586883545, "_timestamp": 1717418350.0663447, "_runtime": 6861.404429674149, "_step": 1000, "actor_episodes": 7558, "actor_steps": 4962484, "learner_steps": 38848, "_wandb": {"runtime": 6924}}