{"episode_length": 970.3, "episode_return": 154.97041244506835, "steps_per_second": 813.124864492319, "env_reset_duration_sec": 0.00048351287841796875, "select_action_duration_sec": 0.00037151528155709816, "env_step_duration_sec": 0.0007829015336324537, "evaluator_episodes": 4240, "evaluator_steps": 3411735, "episode_duration": 0.9373276233673096, "_timestamp": 1717711515.2924895, "_runtime": 73419.88457751274, "_step": 4240, "actor_episodes": 6100, "actor_steps": 4394634, "learner_steps": 4393727, "learner_walltime": 73352.39704871178}