{"episode_length": 740, "episode_return": 2224.385629272461, "steps_per_second": 383.12987941188453, "env_reset_duration_sec": 0.0004551410675048828, "select_action_duration_sec": 0.0017429667550164301, "env_step_duration_sec": 0.000785242544638144, "evaluator_episodes": 200, "evaluator_steps": 48555, "episode_duration": 1.9316184520721436, "_timestamp": 1716704414.1158473, "_runtime": 1268.7677874565125, "_step": 200, "actor_episodes": 6119, "actor_steps": 952366, "learner_steps": 7600, "_wandb": {"runtime": 1335}}