{"episode_length": 1000, "episode_return": 1000.0, "steps_per_second": 412.2480090621153, "env_reset_duration_sec": 0.0003871917724609375, "select_action_duration_sec": 0.0017172424793243408, "env_step_duration_sec": 0.0006323060989379882, "evaluator_episodes": 1000, "evaluator_steps": 879789, "episode_duration": 2.4261586666107178, "_timestamp": 1717411179.4288046, "_runtime": 6770.887774705887, "_step": 1000, "actor_episodes": 13893, "actor_steps": 4967276, "learner_steps": 39056, "_wandb": {"runtime": 6830}}