{"episode_length": 340, "episode_return": 2472.5831436157227, "steps_per_second": 360.93229782931394, "env_reset_duration_sec": 0.0004570484161376953, "select_action_duration_sec": 0.0018053314265082865, "env_step_duration_sec": 0.0008802484063541188, "evaluator_episodes": 200, "evaluator_steps": 1005781, "episode_duration": 0.9421179294586182, "_timestamp": 1716573545.39014, "_runtime": 3874.3561310768127, "_step": 200, "actor_episodes": 5494, "actor_steps": 959127, "learner_steps": 7632, "_wandb": {"runtime": 3967}}