{"episode_length": 103, "episode_return": 517.9230346679688, "steps_per_second": 351.76685090430607, "env_reset_duration_sec": 0.0005805492401123047, "select_action_duration_sec": 0.0017077876526175194, "env_step_duration_sec": 0.0010468820923740425, "evaluator_episodes": 1000, "evaluator_steps": 414370, "episode_duration": 0.29287075996398926, "_timestamp": 1717318861.6393282, "_runtime": 8390.132145166397, "_step": 1000, "actor_episodes": 20484, "actor_steps": 4984989, "learner_steps": 39408, "_wandb": {"runtime": 8428}}