{"global_step": 499900, "_timestamp": 1716416450.056017, "_runtime": 383.5989098548889, "_step": 9202, "charts/episodic_return": 500.0, "charts/episodic_length": 500.0, "losses/loss": 0.004479642957448959, "losses/q_values": 99.99894714355469, "charts/SPS": 1323.0, "_wandb": {"runtime": 382}}