{"episode_length": 377, "episode_return": 1152.1116821289063, "steps_per_second": 383.9747612743303, "env_reset_duration_sec": 0.0005261898040771484, "select_action_duration_sec": 0.0017660460990683152, "env_step_duration_sec": 0.0007539680845225205, "evaluator_episodes": 200, "evaluator_steps": 47380, "episode_duration": 0.9819660186767578, "_timestamp": 1716708281.4570463, "_runtime": 1262.888432264328, "_step": 200, "actor_episodes": 6692, "actor_steps": 952876, "learner_steps": 7616, "_wandb": {"runtime": 1322}}