{"global_step": 999900, "_timestamp": 1716400576.1951554, "_runtime": 2161.1488332748413, "_step": 13458, "charts/episodic_return": 3445.642822265625, "charts/episodic_length": 1000.0, "losses/qf1_loss": 3.126899003982544, "losses/qf2_loss": 2.961111545562744, "losses/qf1_values": 292.87030029296875, "losses/qf2_values": 292.9757080078125, "losses/actor_loss": -294.23553466796875, "charts/SPS": 463.0, "_wandb": {"runtime": 2160}}