{"episode_length": 32, "episode_return": 155.70547485351562, "steps_per_second": 307.97656750152015, "env_reset_duration_sec": 0.0014748573303222656, "select_action_duration_sec": 0.0019800513982772827, "env_step_duration_sec": 0.0011217817664146423, "evaluator_episodes": 1000, "evaluator_steps": 552416, "episode_duration": 0.10396361351013184, "_timestamp": 1717308197.1751368, "_runtime": 9301.79504776001, "_step": 1000, "actor_episodes": 20124, "actor_steps": 4983701, "learner_steps": 39424, "_wandb": {"runtime": 9346}}