{"global_step": 499900, "_timestamp": 1716416058.9320855, "_runtime": 384.4238336086273, "_step": 10039, "charts/episodic_return": 500.0, "charts/episodic_length": 500.0, "losses/loss": 2.7687874535331503e-05, "losses/q_values": 99.99996948242188, "charts/SPS": 1319.0, "_wandb": {"runtime": 383}}