{"episode_length": 1000, "episode_return": 5770.53564453125, "steps_per_second": 336.25537907480674, "env_reset_duration_sec": 0.0005121231079101562, "select_action_duration_sec": 0.0018114886283874512, "env_step_duration_sec": 0.00107723069190979, "evaluator_episodes": 1000, "evaluator_steps": 475916, "episode_duration": 2.9757487773895264, "_timestamp": 1717252427.2959027, "_runtime": 9078.106998682022, "_step": 1000, "actor_episodes": 22483, "actor_steps": 4977070, "learner_steps": 39440, "_wandb": {"runtime": 9137}}