{"episode_length": 1000, "episode_return": 6608.3505859375, "steps_per_second": 388.3438262204931, "env_reset_duration_sec": 0.0004436969757080078, "select_action_duration_sec": 0.001694561243057251, "env_step_duration_sec": 0.0008024837970733642, "evaluator_episodes": 1000, "evaluator_steps": 717877, "episode_duration": 2.5751988887786865, "_timestamp": 1716951393.7298386, "_runtime": 7574.100918531418, "_step": 1000, "actor_episodes": 12255, "actor_steps": 4988446, "learner_steps": 39216, "_wandb": {"runtime": 7607}}