{"episode_length": 1000, "episode_return": 13183.2294921875, "steps_per_second": 373.5467555086583, "env_reset_duration_sec": 0.0005409717559814453, "select_action_duration_sec": 0.0017591171264648437, "env_step_duration_sec": 0.000835683822631836, "evaluator_episodes": 1000, "evaluator_steps": 1000000, "episode_duration": 2.6772334575653076, "_timestamp": 1717138928.9176362, "_runtime": 8220.213160037994, "_step": 1000, "actor_episodes": 4950, "actor_steps": 4950000, "learner_steps": 38656, "_wandb": {"runtime": 8305}}