{"episode_length": 1000, "episode_return": 6837.35302734375, "steps_per_second": 345.33503798245425, "env_reset_duration_sec": 0.0005929470062255859, "select_action_duration_sec": 0.0018592088222503663, "env_step_duration_sec": 0.0009451558589935303, "evaluator_episodes": 1000, "evaluator_steps": 736549, "episode_duration": 2.895998477935791, "_timestamp": 1716914268.1119099, "_runtime": 7792.1205468177795, "_step": 1000, "actor_episodes": 12360, "actor_steps": 4993461, "learner_steps": 39264, "_wandb": {"runtime": 7832}}