{"episode_length": 1000, "episode_return": 6768.0654296875, "steps_per_second": 369.11893542338896, "env_reset_duration_sec": 0.001912832260131836, "select_action_duration_sec": 0.0017038443088531494, "env_step_duration_sec": 0.0009248361587524414, "evaluator_episodes": 1000, "evaluator_steps": 655318, "episode_duration": 2.709348678588867, "_timestamp": 1716922520.15951, "_runtime": 7767.287198781967, "_step": 1000, "actor_episodes": 13055, "actor_steps": 4984063, "learner_steps": 39216, "_wandb": {"runtime": 7814}}