{"episode_length": 1000, "episode_return": -166.91090393066406, "steps_per_second": 371.9233641568122, "env_reset_duration_sec": 0.0004963874816894531, "select_action_duration_sec": 0.0017047698497772218, "env_step_duration_sec": 0.0009043405055999756, "evaluator_episodes": 1000, "evaluator_steps": 1000000, "episode_duration": 2.6888911724090576, "_timestamp": 1717446272.6185272, "_runtime": 8726.648192167282, "_step": 1000, "actor_episodes": 4950, "actor_steps": 4950000, "learner_steps": 38656, "_wandb": {"runtime": 8814}}