{"episode_length": 11, "episode_return": 6.176026821136475, "steps_per_second": 15.031275910814507, "env_reset_duration_sec": 0.0008747577667236328, "select_action_duration_sec": 0.0018368417566472833, "env_step_duration_sec": 0.0010867985812100496, "evaluator_episodes": 9, "evaluator_steps": 263, "episode_duration": 0.7319464683532715, "_timestamp": 1716553874.3752847, "_runtime": 356.96838760375977, "_step": 9}