{"episode_length": 1000, "episode_return": 1000.0, "steps_per_second": 399.4825200014896, "env_reset_duration_sec": 0.00045752525329589844, "select_action_duration_sec": 0.0017716069221496583, "env_step_duration_sec": 0.0006510546207427979, "evaluator_episodes": 1000, "evaluator_steps": 836102, "episode_duration": 2.5034072399139404, "_timestamp": 1717394478.646286, "_runtime": 6603.751878976822, "_step": 1000, "actor_episodes": 16793, "actor_steps": 4966813, "learner_steps": 39136, "_wandb": {"runtime": 6658}}