{"episode_length": 76, "episode_return": 362.4989929199219, "steps_per_second": 352.69533736887354, "env_reset_duration_sec": 0.0006277561187744141, "select_action_duration_sec": 0.0017087898756328382, "env_step_duration_sec": 0.0010338394265425833, "evaluator_episodes": 1000, "evaluator_steps": 557101, "episode_duration": 0.21554350852966309, "_timestamp": 1717262065.2132506, "_runtime": 8869.411652565002, "_step": 1000, "actor_episodes": 21654, "actor_steps": 4977402, "learner_steps": 39424, "_wandb": {"runtime": 8911}}