{"episode_length": 71778, "episode_return": 388115.709709549, "steps_per_second": 555.8585629769157, "env_reset_duration_sec": 0.0011699199676513672, "select_action_duration_sec": 0.0010706262824468208, "env_step_duration_sec": 0.0006625550273349031, "evaluator_episodes": 200, "evaluator_steps": 1352411, "episode_duration": 129.13484025001526, "_timestamp": 1716702276.6906419, "_runtime": 3733.6467599868774, "_step": 200, "actor_episodes": 5387, "actor_steps": 961543, "learner_steps": 7648, "_wandb": {"runtime": 3821}}