{"episode_length": 1000.0, "episode_return": 4682.124365234375, "steps_per_second": 389.90452865362823, "env_reset_duration_sec": 0.002010345458984375, "select_action_duration_sec": 0.0016790764331817626, "env_step_duration_sec": 0.0008064084053039551, "evaluator_episodes": 5000, "evaluator_steps": 5000000, "episode_duration": 2.5648975372314453, "_timestamp": 1717619014.2919664, "_runtime": 18906.2488925457, "_step": 5000, "actor_episodes": 4990, "actor_steps": 4990000, "learner_steps": 38976, "_wandb": {"runtime": 18948}}