{"episode_length": 1000, "episode_return": 3489.9818359375, "steps_per_second": 756.8359764434283, "env_reset_duration_sec": 0.00013208389282226562, "select_action_duration_sec": 0.0009141414165496826, "env_step_duration_sec": 0.000355332612991333, "evaluator_episodes": 200, "evaluator_steps": 181980, "episode_duration": 1.3214163780212402, "_timestamp": 1716695210.9327524, "_runtime": 759.8088204860687, "_step": 200, "actor_episodes": 1288, "actor_steps": 958781, "learner_steps": 7504, "_wandb": {"runtime": 793}}