{"episode_length": 41, "episode_return": 48.10750198364258, "steps_per_second": 767.1081253485, "env_reset_duration_sec": 0.0005819797515869141, "select_action_duration_sec": 0.00015440219786108994, "env_step_duration_sec": 0.0007860369798613758, "evaluator_episodes": 10, "evaluator_steps": 373, "episode_duration": 0.05351829528808594, "_timestamp": 1716541089.3025646, "_runtime": 135.7323887348175, "_step": 1185, "actor_episodes": 1185, "actor_steps": 49955, "learner_steps": 416}