{"episode_length": 11, "episode_return": 6.176026821136475, "steps_per_second": 5.34105032580083, "env_reset_duration_sec": 0.0008723735809326172, "select_action_duration_sec": 0.0016344894062389028, "env_step_duration_sec": 0.0012508522380482066, "evaluator_episodes": 9, "evaluator_steps": 263, "episode_duration": 2.0597317218780518, "_timestamp": 1716553106.6313682, "_runtime": 2387.9715201854706, "_step": 9}