{"episode_length": 595, "episode_return": 3078.161865234375, "steps_per_second": 385.0229383558685, "env_reset_duration_sec": 0.0004143714904785156, "select_action_duration_sec": 0.0016976725153562402, "env_step_duration_sec": 0.0008211171927572299, "evaluator_episodes": 210, "evaluator_steps": 170408, "episode_duration": 1.5455291271209717, "_timestamp": 1716528184.2484403, "_runtime": 1682.1830973625183, "_step": 10, "_wandb": {"runtime": 1680}, "actor_episodes": 5694, "actor_steps": 1001447, "learner_steps": 7968}