{"global_step": 499900, "_timestamp": 1716415666.8966644, "_runtime": 385.3199133872986, "_step": 9261, "charts/episodic_return": 500.0, "charts/episodic_length": 500.0, "losses/loss": 0.0005560818826779723, "losses/q_values": 99.9998779296875, "charts/SPS": 1317.0, "_wandb": {"runtime": 384}}