{"episode_length": 1000, "episode_return": -306.2296447753906, "steps_per_second": 357.7579092757923, "env_reset_duration_sec": 0.0004942417144775391, "select_action_duration_sec": 0.001759139060974121, "env_step_duration_sec": 0.000954904317855835, "evaluator_episodes": 1000, "evaluator_steps": 1000000, "episode_duration": 2.7953522205352783, "_timestamp": 1717427828.665464, "_runtime": 9056.434231042862, "_step": 1000, "actor_episodes": 4950, "actor_steps": 4950000, "learner_steps": 38656, "_wandb": {"runtime": 9152}}