{"episode_length": 467, "episode_return": 1592.355712890625, "steps_per_second": 359.1615532067905, "env_reset_duration_sec": 0.0004572868347167969, "select_action_duration_sec": 0.0019287195144424602, "env_step_duration_sec": 0.000769082177629818, "evaluator_episodes": 1000, "evaluator_steps": 495010, "episode_duration": 1.300360918045044, "_timestamp": 1717086574.7087374, "_runtime": 6959.054513454437, "_step": 1000, "actor_episodes": 15649, "actor_steps": 4972993, "learner_steps": 39248, "_wandb": {"runtime": 7019}}