{"global_step": 499900, "_timestamp": 1716369733.8769596, "_runtime": 274.190313577652, "_step": 8956, "charts/episodic_return": 500.0, "charts/episodic_length": 500.0, "losses/td_loss": 0.008706160821020603, "losses/q_values": 102.74356079101562, "charts/SPS": 1861.0, "_wandb": {"runtime": 273}}