{"global_step": 999900, "_timestamp": 1716407140.8848515, "_runtime": 2186.0223894119263, "_step": 13704, "charts/episodic_return": 3347.23974609375, "charts/episodic_length": 1000.0, "losses/qf1_loss": 4.022322177886963, "losses/qf2_loss": 3.1645700931549072, "losses/qf1_values": 278.47161865234375, "losses/qf2_values": 278.30072021484375, "losses/actor_loss": -280.7939758300781, "charts/SPS": 458.0, "_wandb": {"runtime": 2185}}