{"episode_length": 1000, "episode_return": -15.700000762939453, "steps_per_second": 409.8415423543074, "env_reset_duration_sec": 0.00040912628173828125, "select_action_duration_sec": 0.001701038122177124, "env_step_duration_sec": 0.0006633996963500977, "evaluator_episodes": 1000, "evaluator_steps": 1000000, "episode_duration": 2.440126657485962, "_timestamp": 1717351137.3634264, "_runtime": 7384.219779491425, "_step": 1000, "actor_episodes": 4950, "actor_steps": 4950000, "learner_steps": 38656, "_wandb": {"runtime": 7458}}