{"episode_length": 1000, "episode_return": 3524.5165405273438, "steps_per_second": 838.0288050023936, "env_reset_duration_sec": 0.00016450881958007812, "select_action_duration_sec": 0.0008235764503479004, "env_step_duration_sec": 0.00032155513763427735, "evaluator_episodes": 200, "evaluator_steps": 177829, "episode_duration": 1.1933975219726562, "_timestamp": 1716617914.9573894, "_runtime": 734.866158246994, "_step": 200, "actor_episodes": 1320, "actor_steps": 956964, "learner_steps": 7488, "_wandb": {"runtime": 774}}