{"episode_length": 1000, "episode_return": 51.723567962646484, "steps_per_second": 405.3089889839126, "env_reset_duration_sec": 0.0004737377166748047, "select_action_duration_sec": 0.001646660327911377, "env_step_duration_sec": 0.000743657112121582, "evaluator_episodes": 1000, "evaluator_steps": 1000000, "episode_duration": 2.4674408435821533, "_timestamp": 1716894160.2283301, "_runtime": 7697.840996026993, "_step": 1000, "actor_episodes": 4950, "actor_steps": 4950000, "learner_steps": 38656, "_wandb": {"runtime": 7779}}